{
  "/fftPosX": {
    "min": -960,
    "max": 960,
    "value": -364.79998779296875
  },
  "/sizeCircle": {
    "min": 10,
    "max": 100,
    "value": 34.29999923706055
  },
  "/fftPosY": {
    "min": 0,
    "max": -972,
    "value": 0
  },
  "/thresholdMinimInteractionFFT": {
    "min": 9.99999993922529E-9,
    "max": 0.10000000149011612,
    "value": 0.015000008046627045
  },
  "/bandsMaxThreshold": {
    "min": 0,
    "max": 1024,
    "value": 194.55999755859375
  },
  "/typeOSCMode": {
    "min": 1,
    "max": 2,
    "value": 1
  },
  "/modeDrawing": {
    "min": 1,
    "max": 2,
    "value": 1
  },
  "/rectW": {
    "min": 1,
    "max": 10,
    "value": 3
  },
  "/bSumMode": {"value": 0},
  "/bandsMinThreshold": {
    "min": 0,
    "max": 512,
    "value": 30.719999313354492
  },
  "/gapX": {
    "min": 0,
    "max": 100,
    "value": 9.999999046325684
  },
  "/scaleRectH": {
    "min": 1,
    "max": 100,
    "value": 4.960000038146973
  },
  "/lineWidth": {
    "min": 1,
    "max": 20,
    "value": 1.9499999284744263
  },
  "/bOSCActive": {"value": 0},
  "/bCircleDrawer": {"value": 1}
}